image_name,Number
725.png,72125
651.png,13539
173.png,36677
18.png,98473
796.png,97324
1206.png,88419
876.png,73191
71.png,65692
588.png,69562
333.png,44697
893.png,99999
15.png,51415
1101.png,88784
593.png,44177
774.png,81567
1273.png,74191
575.png,64598
136.png,14461
1292.png,41352
323.png,16892
947.png,27591
1367.png,27366
937.png,47667
271.png,41123
40.png,72989
730.png,94867
1488.png,52883
746.png,27481
1153.png,54195
164.png,27763
1082.png,15315
898.png,99892
275.png,18878
980.png,97687
1358.png,78732
57.png,17598
797.png,38981
684.png,61835
125.png,97613
820.png,41379
1179.png,76247
1226.png,38624
1210.png,22988
226.png,88278
1049.png,11575
1299.png,42379
642.png,91588
217.png,14762
1162.png,54715
726.png,65384
1277.png,81152
1054.png,14634
420.png,12495
509.png,54255
17.png,78572
568.png,34459
949.png,51282
1409.png,28225
1402.png,46625
540.png,28275
723.png,22434
9.png,83283
321.png,55574
446.png,96395
765.png,38486
1363.png,16373
302.png,54944
946.png,66531
1074.png,49823
649.png,66244
476.png,36298
363.png,29439
1113.png,96792
654.png,96865
28.png,38544
734.png,73883
1413.png,58887
1056.png,79575
298.png,24757
1087.png,89162
65.png,31936
49.png,79598
1480.png,66766
987.png,24758
1204.png,22788
1332.png,88293
1439.png,74196
394.png,87498
1098.png,86592
1478.png,47793
1474.png,84662
1360.png,56662
1355.png,75687
1200.png,65645
93.png,19595
1347.png,11425
69.png,97395
1095.png,48946
1225.png,16911
944.png,95366
563.png,51544
1245.png,22115
194.png,33858
346.png,37364
389.png,48975
854.png,38227
1234.png,51196
318.png,79526
176.png,76565
707.png,99283
326.png,39742
685.png,85299
1401.png,51894
634.png,87894
1184.png,55442
1215.png,59617
975.png,14599
798.png,97396
905.png,67449
1399.png,73739
416.png,59991
890.png,22421
391.png,96973
1180.png,23743
708.png,38556
287.png,68624
289.png,55241
224.png,35756
1433.png,44719
1385.png,54237
86.png,26565
958.png,98766
676.png,12194
554.png,28319
744.png,45341
1100.png,18893
852.png,78285
1429.png,98755
1084.png,42218
408.png,83977
1460.png,67591
34.png,99376
572.png,81337
1096.png,75185
110.png,16644
1394.png,37889
1060.png,19732
701.png,96329
1498.png,88272
680.png,59883
536.png,42511
866.png,57315
151.png,73237
927.png,72313
891.png,87272
607.png,12595
994.png,19287
1290.png,54457
840.png,92642
808.png,26886
950.png,92365
768.png,66591
535.png,64657
1214.png,79219
1012.png,25998
178.png,97647
355.png,67612
579.png,87559
46.png,52941
7.png,88224
1305.png,55254
1322.png,72473
116.png,94498
867.png,59986
1033.png,47591
76.png,54477
771.png,81227
636.png,32585
292.png,95224
201.png,45958
421.png,87442
265.png,16434
1435.png,61345
504.png,47974
1383.png,72844
589.png,58957
163.png,89855
966.png,36717
1017.png,62117
844.png,96339
1457.png,13941
1164.png,83275
817.png,94496
887.png,71295
982.png,78473
1489.png,23592
894.png,42549
754.png,69323
191.png,27229
1168.png,69561
104.png,28485
1261.png,59932
615.png,89995
1135.png,49285
1422.png,59151
1068.png,63539
218.png,54314
1169.png,19552
193.png,55174
115.png,72565
82.png,43814
1109.png,39911
731.png,11167
35.png,62519
230.png,21841
735.png,36732
432.png,93734
1410.png,42591
1053.png,63327
1351.png,89984
310.png,18644
971.png,91562
610.png,52235
396.png,42357
523.png,16957
1436.png,69546
751.png,93548
1464.png,17579
482.png,49194
1094.png,17569
687.png,72825
1235.png,22934
1397.png,16859
13.png,37399
152.png,71267
403.png,38586
1108.png,98975
10.png,45591
755.png,42741
1165.png,39644
209.png,62563
924.png,44418
1362.png,66991
439.png,75612
1319.png,66727
502.png,53297
345.png,92587
888.png,67594
216.png,32522
241.png,97198
148.png,81179
1392.png,49919
842.png,15823
1371.png,86754
1183.png,69741
686.png,57335
778.png,54462
430.png,91472
1120.png,96633
1444.png,47884
675.png,46691
558.png,85441
1336.png,47375
1133.png,96997
1158.png,29432
1452.png,52774
965.png,74176
713.png,35633
499.png,89612
6.png,31362
677.png,82922
374.png,41365
1381.png,74254
759.png,43213
978.png,54457
442.png,26219
105.png,45571
475.png,32329
706.png,29741
693.png,44991
1104.png,63279
653.png,67498
1288.png,46777
325.png,42498
1221.png,11522
1473.png,47936
491.png,67616
729.png,26415
722.png,39588
877.png,46674
1170.png,67692
655.png,83648
245.png,39332
24.png,42871
657.png,38599
674.png,14347
1138.png,54667
1224.png,88411
843.png,94894
450.png,49593
616.png,63698
56.png,26131
1287.png,53323
409.png,88443
1490.png,85275
330.png,33894
1112.png,76653
3.png,66444
720.png,85555
365.png,89611
38.png,43889
1327.png,53149
598.png,74643
514.png,97761
1233.png,42619
638.png,21186
763.png,76275
1388.png,23178
710.png,16651
97.png,26451
239.png,87188
973.png,79142
248.png,95784
1090.png,12329
1015.png,51844
576.png,95812
825.png,11815
700.png,74977
1289.png,97175
1418.png,24356
1306.png,81169
48.png,22435
1128.png,36752
486.png,44859
437.png,72293
1244.png,44175
37.png,49396
1230.png,11483
963.png,48225
327.png,78592
547.png,47896
718.png,48746
276.png,86128
126.png,31966
1313.png,58135
783.png,81111
630.png,66412
117.png,35757
155.png,14182
202.png,46452
468.png,71415
1333.png,96848
1046.png,96266
401.png,17319
728.png,91512
402.png,81586
1337.png,24746
1438.png,66698
154.png,49123
1493.png,12666
373.png,35384
1431.png,36777
279.png,96781
1419.png,78592
1256.png,66711
1085.png,16972
889.png,76184
281.png,71944
390.png,15599
306.png,14373
1034.png,69617
960.png,46195
853.png,46456
1316.png,17832
1083.png,89597
78.png,63749
790.png,95131
128.png,99842
608.png,28394
732.png,69598
979.png,65549
1432.png,65595
1331.png,89293
1191.png,42496
1077.png,78559
792.png,23913
1477.png,72618
904.png,55957
317.png,24295
1296.png,98979
861.png,71827
1212.png,68712
789.png,71592
81.png,66118
1241.png,39752
1461.png,15741
1253.png,27266
1193.png,62394
932.png,53455
349.png,68453
645.png,41788
1202.png,11644
909.png,25396
364.png,45198
833.png,82519
943.png,21417
256.png,14777
1495.png,73428
543.png,48538
879.png,68163
1248.png,94741
1484.png,76266
311.png,15375
377.png,98961
449.png,99953
650.png,33437
913.png,38579
925.png,61754
1031.png,71966
1280.png,75347
1061.png,49282
1163.png,26247
8.png,94592
646.png,79613
266.png,99363
955.png,51839
68.png,95764
1281.png,23593
632.png,98655
1497.png,85984
622.png,56841
902.png,67893
316.png,62344
550.png,81192
1266.png,57465
1479.png,48218
1458.png,57884
294.png,72219
917.png,87884
244.png,23966
1196.png,25142
623.png,76271
896.png,44445
1004.png,66961
1111.png,96465
44.png,66757
252.png,97748
858.png,38239
748.png,65525
530.png,54496
665.png,89562
246.png,24859
1445.png,38755
999.png,13822
920.png,14544
1125.png,53278
168.png,37835
823.png,33598
617.png,51545
1032.png,34549
172.png,72518
413.png,37155
716.png,66854
1217.png,34747
454.png,94516
571.png,88772
422.png,13999
795.png,95762
458.png,17886
794.png,83685
643.png,33938
1259.png,94318
43.png,61517
709.png,66891
100.png,55172
772.png,94299
332.png,39117
497.png,24922
512.png,79955
813.png,52698
1323.png,46575
132.png,78699
1232.png,19479
1295.png,39917
23.png,88445
683.png,77514
934.png,84889
329.png,38286
769.png,82821
376.png,58795
1384.png,82593
280.png,35668
900.png,18549
705.png,75567
181.png,86926
339.png,61595
337.png,62667
1456.png,98318
1359.png,42374
1448.png,89198
1150.png,36965
472.png,67784
1078.png,44263
1192.png,19374
1075.png,89557
195.png,36965
1001.png,16934
814.png,33944
229.png,35612
135.png,38271
451.png,97889
83.png,54883
834.png,23957
254.png,38286
964.png,11634
1258.png,21394
644.png,49138
519.png,28596
433.png,24537
206.png,47593
1171.png,62158
882.png,95587
785.png,18677
639.png,15835
1454.png,89947
1081.png,19735
954.png,58866
1174.png,49228
1107.png,63377
850.png,33327
415.png,16889
1045.png,77248
313.png,94426
207.png,86319
1239.png,75914
560.png,27375
952.png,98251
261.png,15898
219.png,41125
529.png,52415
606.png,46773
559.png,24715
921.png,82469
260.png,57196
243.png,95741
436.png,52524
272.png,92873
981.png,36757
1447.png,23953
1317.png,19883
111.png,36574
92.png,45677
77.png,16931
815.png,32821
400.png,88565
1293.png,41986
784.png,48145
259.png,55881
122.png,32366
1189.png,51196
886.png,86114
240.png,58899
967.png,76894
290.png,35766
590.png,85151
919.png,34982
1176.png,82989
235.png,94251
312.png,24193
425.png,54869
1140.png,25983
1072.png,57118
694.png,64472
192.png,41115
158.png,55983
525.png,65238
62.png,63268
1396.png,89418
1374.png,85657
150.png,48268
915.png,27565
989.png,59169
926.png,65887
258.png,58945
1148.png,97154
837.png,25329
247.png,51824
1446.png,85379
724.png,53213
16.png,38399
139.png,86779
1186.png,17619
72.png,54944
668.png,13767
1249.png,64157
1411.png,94959
1178.png,11786
1103.png,79662
493.png,25594
612.png,14797
26.png,97695
816.png,24943
1453.png,36651
656.png,49188
511.png,13752
487.png,59775
166.png,63886
371.png,86542
1391.png,44485
892.png,86275
830.png,56175
829.png,76565
144.png,24173
1134.png,79555
1321.png,98449
481.png,19374
1223.png,37735
809.png,76518
807.png,71843
360.png,85642
832.png,81578
1395.png,59356
102.png,34286
274.png,28388
1346.png,91379
1097.png,13224
1093.png,61865
1124.png,62271
138.png,85469
827.png,46717
1123.png,58118
380.png,13317
1459.png,44197
474.png,36849
1205.png,49955
1067.png,16936
564.png,97315
1450.png,24434
1307.png,99752
59.png,93369
537.png,91594
385.png,15984
85.png,27969
1121.png,49181
1279.png,17493
1398.png,75469
990.png,29847
1325.png,21765
177.png,96332
1116.png,48775
1231.png,47986
134.png,97837
1016.png,81445
1227.png,71996
295.png,11529
613.png,33466
1425.png,34342
1052.png,99761
811.png,14664
278.png,26258
211.png,37529
841.png,88218
962.png,87668
30.png,87895
498.png,72518
1137.png,12453
874.png,42944
351.png,11835
50.png,77268
39.png,32198
350.png,92488
750.png,17567
88.png,89967
444.png,72517
80.png,68826
348.png,45983
1199.png,97324
856.png,41121
640.png,67517
90.png,75398
1009.png,14869
399.png,67318
1412.png,41212
58.png,44573
812.png,79149
1311.png,12649
839.png,36967
183.png,99865
1044.png,24353
670.png,37347
1167.png,26588
1243.png,57522
273.png,82595
375.png,63745
1064.png,26984
711.png,87858
255.png,58277
1375.png,84711
907.png,69995
582.png,49197
791.png,16254
800.png,48448
1118.png,12882
106.png,87693
419.png,35518
1330.png,63639
1318.png,89254
1172.png,58855
54.png,56296
1002.png,72444
1476.png,42195
354.png,34956
1389.png,86238
1040.png,12821
1400.png,78695
941.png,78969
600.png,33171
453.png,97372
0.png,66672
96.png,16282
689.png,41999
777.png,57717
868.png,76989
1028.png,61275
1062.png,38236
1427.png,39919
459.png,45647
667.png,24634
108.png,27658
461.png,49847
544.png,89766
338.png,77916
604.png,33664
263.png,46825
232.png,77224
1314.png,75873
161.png,84687
810.png,42422
1271.png,14894
757.png,46682
120.png,82649
862.png,26518
215.png,83845
1356.png,91489
334.png,51817
1024.png,34347
1010.png,56155
1161.png,33898
145.png,66637
836.png,87896
257.png,77763
742.png,25492
267.png,51818
55.png,73857
712.png,68826
574.png,62225
1252.png,28486
1328.png,46286
727.png,74169
210.png,48144
397.png,66586
418.png,54158
1442.png,15747
1443.png,75677
29.png,97866
976.png,42773
1315.png,53795
942.png,46675
533.png,89885
1482.png,66795
1334.png,75459
1470.png,95119
1357.png,63131
1026.png,79244
959.png,76646
343.png,25431
628.png,24187
1423.png,68191
679.png,79298
1152.png,15234
1437.png,34967
1481.png,65474
766.png,75983
629.png,37324
1065.png,46516
1048.png,24359
1491.png,13868
165.png,59848
1390.png,17899
180.png,24368
220.png,46692
991.png,86413
1275.png,96471
715.png,59885
851.png,71555
314.png,22147
101.png,79155
1080.png,79169
1222.png,96975
1496.png,59359
1229.png,81784
465.png,75647
488.png,19315
1115.png,35678
175.png,65744
1370.png,66652
1465.png,35714
268.png,47565
1302.png,24846
704.png,13756
1160.png,52531
1372.png,66651
147.png,83213
520.png,44675
647.png,33371
1213.png,99519
1368.png,38633
641.png,14134
528.png,14193
1408.png,98275
1022.png,88883
539.png,89998
159.png,46736
1059.png,14775
1335.png,74148
831.png,73857
1030.png,27591
503.png,82779
531.png,59165
1007.png,88737
993.png,33762
438.png,65557
1406.png,94931
666.png,45162
1428.png,65527
1417.png,33772
121.png,41375
253.png,87773
570.png,73693
555.png,79559
928.png,18345
60.png,16298
620.png,81885
1393.png,74419
605.png,63386
198.png,15578
953.png,97521
1126.png,28195
918.png,88687
875.png,13284
1284.png,31576
1294.png,86828
1376.png,55847
299.png,72246
1194.png,39727
1262.png,62611
878.png,74684
1257.png,75833
583.png,84419
1348.png,16146
1326.png,88445
67.png,99794
561.png,39314
865.png,72824
857.png,52746
714.png,85595
549.png,71941
983.png,27486
366.png,56511
443.png,27554
681.png,16989
1047.png,44562
912.png,81327
262.png,79881
1265.png,75845
1136.png,96799
1089.png,12338
624.png,48528
1267.png,12972
760.png,81288
1414.png,46971
1219.png,27522
1455.png,13296
1142.png,94448
99.png,49997
1387.png,48727
84.png,49648
968.png,64861
899.png,54867
621.png,31392
162.png,36415
153.png,38449
585.png,15289
595.png,75873
1036.png,42158
1379.png,99839
614.png,76266
864.png,32812
678.png,37149
515.png,45471
637.png,63588
901.png,47694
1114.png,58143
756.png,66575
309.png,23746
911.png,35395
648.png,91174
457.png,64174
307.png,35985
1424.png,36859
1011.png,21846
269.png,11114
626.png,97731
1144.png,84199
672.png,96264
112.png,46493
1000.png,18773
1286.png,51271
546.png,75642
945.png,15634
1475.png,53236
846.png,91562
200.png,38598
848.png,25351
190.png,57357
969.png,51293
406.png,94826
369.png,36531
506.png,79843
903.png,33376
988.png,33412
1038.png,59219
1006.png,43269
1029.png,61115
89.png,63695
328.png,67326
1023.png,31336
753.png,95384
372.png,54512
212.png,88796
124.png,12941
1159.png,13788
936.png,82927
995.png,22288
859.png,13598
1041.png,28394
1434.png,82711
673.png,41878
1208.png,79656
908.png,73317
1039.png,63881
340.png,55212
222.png,43488
1155.png,18691
484.png,13514
94.png,38582
1175.png,74549
1301.png,66843
776.png,87776
691.png,89685
1037.png,12351
404.png,87836
870.png,36943
448.png,19219
822.png,67517
951.png,93649
301.png,49677
799.png,57191
633.png,86786
895.png,45998
5.png,42197
1246.png,71368
739.png,31342
524.png,95667
625.png,34736
1119.png,63657
1013.png,84222
1003.png,35177
1066.png,89325
1102.png,71285
1018.png,99849
699.png,83824
702.png,91826
664.png,24587
567.png,88523
872.png,99228
251.png,91588
1250.png,74885
930.png,94888
308.png,87869
270.png,46776
977.png,91594
440.png,56212
671.png,31956
764.png,34331
277.png,71146
283.png,87744
19.png,59283
171.png,69189
1441.png,47989
167.png,73953
435.png,92662
1122.png,94345
938.png,59465
140.png,78251
1008.png,72117
231.png,61575
1190.png,27344
1185.png,45777
835.png,32287
14.png,58712
1380.png,75131
1110.png,25866
781.png,78885
370.png,74866
1198.png,35984
336.png,57569
1151.png,16868
70.png,75898
1127.png,21822
320.png,16737
127.png,69914
818.png,48341
518.png,25944
282.png,19239
1236.png,62415
213.png,86571
466.png,94438
199.png,23472
662.png,34227
1145.png,88765
383.png,89475
1269.png,81829
997.png,52566
381.png,55991
1220.png,73166
382.png,33599
95.png,76693
1345.png,31953
47.png,64462
1468.png,52519
1449.png,42559
149.png,87472
1147.png,62122
33.png,97414
780.png,17578
1274.png,41282
986.png,91836
581.png,16983
609.png,84914
249.png,49222
1471.png,96941
663.png,36311
931.png,78572
1303.png,63882
1300.png,55818
291.png,94283
1132.png,27741
189.png,87137
142.png,71624
456.png,84729
526.png,15982
378.png,11138
477.png,77593
25.png,71584
66.png,31742
1310.png,12181
32.png,25518
1350.png,46777
208.png,13346
225.png,19968
782.png,85758
170.png,55374
669.png,17862
221.png,58157
358.png,64195
1407.png,69479
682.png,49399
761.png,55152
1.png,71259
143.png,76172
863.png,92258
331.png,62736
1472.png,23289
479.png,59199
109.png,99111
464.png,26951
696.png,35839
11.png,64273
788.png,67644
431.png,78947
359.png,18992
305.png,18443
1386.png,42647
319.png,22662
234.png,65638
1304.png,63791
985.png,11873
1182.png,31418
495.png,91179
107.png,41911
1129.png,98883
1076.png,56293
1105.png,79498
1228.png,52878
1203.png,65773
992.png,15312
596.png,63347
1069.png,44892
517.png,37555
1344.png,35239
187.png,41993
1329.png,65554
460.png,67656
31.png,98581
303.png,99977
315.png,47375
1282.png,76667
940.png,12931
4.png,63379
1297.png,29565
556.png,88596
1141.png,96594
41.png,12777
845.png,41948
113.png,48598
186.png,62231
1027.png,67885
1201.png,11862
591.png,48866
129.png,77124
860.png,66694
300.png,12968
1378.png,25769
786.png,48196
2.png,18346
1051.png,74548
1264.png,38684
897.png,97671
1043.png,55152
250.png,18999
1285.png,63234
802.png,31516
801.png,38346
1494.png,96355
821.png,24451
410.png,18732
387.png,37161
1349.png,46569
773.png,45688
469.png,76751
141.png,61835
1149.png,67141
1268.png,18886
434.png,92599
1237.png,54457
36.png,22527
762.png,64675
935.png,98838
929.png,52218
984.png,25351
21.png,79638
743.png,22115
1254.png,89741
228.png,29566
335.png,64476
910.png,22322
741.png,36163
452.png,81888
956.png,29756
501.png,84722
1426.png,33562
146.png,25557
1415.png,14145
1404.png,18741
1403.png,93275
948.png,17724
1014.png,52926
1369.png,58464
429.png,19174
553.png,19345
717.png,86254
522.png,62269
75.png,69434
635.png,16737
118.png,36941
1242.png,91765
1050.png,89127
347.png,61819
242.png,44966
1291.png,34646
392.png,51296
407.png,41485
73.png,66119
1042.png,23393
485.png,63229
1466.png,34459
1420.png,75633
1131.png,89511
602.png,55892
293.png,25557
599.png,24786
53.png,72281
923.png,77498
627.png,73276
264.png,82363
736.png,15873
793.png,82519
970.png,74142
881.png,98466
1278.png,36911
542.png,37395
393.png,83459
98.png,35137
205.png,89657
322.png,32941
698.png,68835
379.png,76981
1207.png,46523
1247.png,83688
87.png,29644
1343.png,58717
775.png,93479
974.png,96371
367.png,19838
74.png,94179
1099.png,39376
157.png,69431
1308.png,96639
826.png,34531
532.png,89657
819.png,17579
483.png,75414
182.png,98338
137.png,72283
619.png,91597
342.png,25678
1238.png,11367
749.png,31588
1324.png,67663
688.png,84446
1263.png,16775
957.png,87681
1485.png,38799
384.png,71898
513.png,49991
188.png,31818
584.png,36812
368.png,83423
883.png,57916
1195.png,89878
1021.png,24548
1339.png,63179
551.png,26462
1154.png,23133
740.png,25619
1211.png,45184
297.png,42591
324.png,99131
395.png,63896
721.png,31174
1309.png,82553
914.png,21217
64.png,21485
12.png,88559
690.png,36268
578.png,25978
1486.png,46797
1209.png,15647
611.png,54553
304.png,33385
871.png,54622
508.png,87769
492.png,59268
692.png,24286
286.png,28792
45.png,67754
1364.png,89986
114.png,41478
467.png,64653
521.png,88443
489.png,17584
227.png,51457
652.png,85258
1057.png,93853
445.png,14497
1035.png,52992
1463.png,68221
1146.png,32988
130.png,73338
1216.png,18863
961.png,61526
1260.png,61195
1157.png,46266
473.png,89996
939.png,29457
738.png,78665
417.png,55159
1106.png,75886
548.png,14926
184.png,38394
1025.png,34677
1240.png,25936
1187.png,25897
288.png,86162
880.png,23818
770.png,94592
1091.png,78515
787.png,26151
573.png,46724
972.png,19226
388.png,75497
1342.png,97396
204.png,37484
1483.png,81619
1255.png,78973
847.png,33962
697.png,17785
541.png,81196
51.png,59612
79.png,94565
1117.png,92842
577.png,59565
661.png,59289
527.png,85279
490.png,13374
1058.png,63434
223.png,14746
412.png,72893
1088.png,77733
1283.png,15587
1382.png,87819
586.png,33858
552.png,58415
849.png,24698
296.png,53277
1430.png,82896
160.png,19592
480.png,72757
1469.png,59995
592.png,13273
169.png,45687
1298.png,95127
1499.png,73259
405.png,37444
362.png,37667
1156.png,66373
557.png,72878
414.png,52444
1416.png,62351
1197.png,19732
353.png,34184
516.png,86196
1139.png,77634
1440.png,55847
998.png,84591
659.png,32439
618.png,26198
119.png,99972
658.png,32878
1070.png,23911
828.png,55856
601.png,55119
455.png,89941
156.png,11336
91.png,97216
411.png,54862
545.png,24752
426.png,63739
510.png,22528
1086.png,62384
1019.png,78248
357.png,81552
496.png,64659
1188.png,46291
1366.png,43482
233.png,69114
922.png,53225
1173.png,77353
603.png,28854
1272.png,53557
1462.png,58899
855.png,23318
1492.png,41588
719.png,48891
1166.png,17218
1377.png,76576
804.png,56553
22.png,31832
470.png,84848
916.png,85657
237.png,22247
838.png,11482
1055.png,42373
1405.png,74156
1421.png,64471
1365.png,59666
505.png,51817
1181.png,24691
423.png,77261
463.png,34725
500.png,89471
884.png,34149
174.png,85685
805.png,15316
424.png,81125
214.png,89696
123.png,86254
1005.png,59745
185.png,25966
133.png,55557
179.png,19198
63.png,17911
1270.png,72525
386.png,86338
1251.png,52257
869.png,47194
806.png,57695
1276.png,47597
20.png,59626
1020.png,35122
196.png,12386
1218.png,98965
471.png,36856
631.png,41125
1177.png,56755
1451.png,81115
447.png,81485
562.png,85531
1373.png,59611
933.png,97988
203.png,24347
1312.png,96765
507.png,65563
660.png,81483
427.png,46219
538.png,91598
906.png,45398
747.png,42876
695.png,92258
1073.png,54843
1352.png,94896
1338.png,85322
752.png,31519
131.png,75624
703.png,37634
197.png,71229
1320.png,54253
534.png,93595
344.png,69497
594.png,63894
398.png,98377
885.png,63789
569.png,88455
1143.png,88786
803.png,74145
462.png,31326
1341.png,17837
824.png,26294
758.png,83658
236.png,38699
580.png,57337
767.png,43983
873.png,12917
356.png,24286
494.png,85567
238.png,36574
1354.png,81455
61.png,61498
745.png,13355
1487.png,89178
441.png,41165
566.png,11955
352.png,39278
285.png,34644
27.png,57653
1092.png,94886
1071.png,41911
1467.png,26731
597.png,93474
361.png,42379
284.png,82683
1361.png,85279
42.png,79247
478.png,86429
733.png,99869
1130.png,91794
52.png,77498
996.png,77266
737.png,83127
565.png,79581
103.png,24453
1340.png,77654
1079.png,16199
587.png,64482
1353.png,82592
341.png,51177
428.png,96994
779.png,18532
1063.png,63236
